step,loss_value_function,loss_FOC_g,loss_FOC_a,loss_FOC_d,loss_FOC_AI_Production,loss_FOC_labor,elapsed_time
0,1.08079e+00,1.92756e+06,1.93634e+06,1.92756e+06,1.82080e-01,4.20154e-01,40
1000,4.74573e-01,3.31194e-01,3.05949e-01,6.85438e-02,2.23957e-03,5.80201e-02,56
2000,4.56981e-01,2.94727e-01,2.50346e-01,3.87521e-02,8.95961e-04,2.44756e-02,61
